ID;ancient_toponym;modern_location;longitude;latitude
2.04.03.01;Western Mouth of the Anas;Mouth of the Guadiana near Aesuris;-7,404786;37,178328
2.04.03.02;Eastern Mouth of the Anas;Mouth of the Guadiana near Lepe;-7,169964;37,219769
2.04.03.03;Eastward bend of the Anas;;;
2.04.03.04;Baetica-Lusitania-Tarraconensis Boundary;;;
2.04.03.07;Baetica-Tarraconensis Boundary;;;
2.04.03.08;Source of the Anas;;;
2.04.05.04;Onoba Aestuaria;Huelva;-6,939083;37,233064
2.04.05.05;Western Mouth of the Baetis;Mouth of the Guadalquivir near Villamanrique;-6,256708;37,259097
2.04.05.06;Eastern Mouth of the Baetis;Mouth of the Guadalquivir near Coria del R°o;-6,056856;37,265447
2.04.05.07;Source of the Baetis;;;
2.04.05.08;Estuary near Asta;near Mesas de Asta;-6,134533;36,874639
2.04.05.10;Harbor of Menestheus;near Puerto de Santa Maria;-6,194219;36,618764
2.04.05.11;Temple of Hera;Cabo Trafalgar;-6,035278;36,183333
2.04.05.12;Mouth of the Baelo;Mouth of the R°o del Valle;-5,68875;36,069039
2.04.05.13;Baelo;Bolonia;-5,775114;36,088606
2.04.06.02;Mellaria;Valdevaqueros;-5,682342;36,069472
2.04.06.03;Iulia Traducta;near Algeciras;-5,447122;36,127444
2.04.06.04;Barbesula;Torre de Guadiaro;-5,275231;36,294581
2.04.06.05;Carteia;El Rocadillo;-5,412142;36,185272
2.04.06.06;Calpe;Rock of Gibraltar;-5,344367;36,122681
2.04.07.02;Mouth of the Barbesula;Mouth of the Guadiaro;-5,280411;36,283994
2.04.07.03;Suel;Fuengirola;-4,628953;36,525194
2.04.07.04;Mouth of the Salduba;Mouth of the Guadalhorce;-4,454814;36,672667
2.04.07.05;Malaca;M†laga;-4,420003;36,721253
2.04.07.06;Maenoba;Cerro del Mar;-4,103531;36,740503
2.04.07.07;Sexi;Almu§Çcar;-3,692008;36,732658
2.04.07.08;Selambina;Salobre§a;-3,588681;36,742689
2.04.07.09;?????;Unknown cape;-3,234;36,742689
2.04.07.10;Abdara;Adra;-3,020675;36,749022
2.04.07.11;Portus Magnus;Golfo de Almer°a;-2,471667;36,833611
2.04.07.12;Cape of Charidemos;Cabo de Gata;-2,193028;36,721472
2.04.08.08;Baria;Vera;-1,773056;37,247778
2.04.10.03;Segida [Augurina];near Palma del R°o ;-5,239633;37,67235
2.04.10.04;Ilourgis;Cortijo de M†quiz, near Meng°bar;-3,762261;37,971208
2.04.10.05;Vogia;Estacion Elevadora;-4,098122;38,072672
2.04.10.06;Calpurniana;Ca§ete de la Torres;-4,044147;38,870394
2.04.10.07;Caecila;;;
2.04.10.08;Biniana;;;
2.04.11.01;Corduba;C¢rdoba;-4,780347;37,882369
2.04.11.02;Ulia;Montemayor;-4,698078;37,649075
2.04.11.03;Obulco;Porcuna;-4,185225;37,871256
2.04.11.04;Arcilacis [Baeticae];;;
2.04.11.05;Detumo;near Posadas;-5,106075;37,801581
2.04.11.06;Murgi;near Dal°as;-2,845772;36,794106
2.04.11.07;Salduba;near Gualdalmansa;-5,065419;36,450936
2.04.11.08;Tucci;Martos;-3,960975;37,718328
2.04.11.09;Sala;;;
2.04.11.10;Balda;Cortijo del Castill¢n;-4,631164;37,034889
2.04.11.11;Ebora [Baeticae];Cortijo de Evora;-6,289667;36,792169
2.04.11.12;Onoba;Jimena de la Frontera;-5,455647;36,432989
2.04.11.13;Illipoula Megale;;;
2.04.11.14;Selia;;;
2.04.11.15;Vescis;;;
2.04.11.16;Osqua ;near Villanueva de la Concepci¢n;-4,547667;36,922481
2.04.11.17;Artigis;;;
2.04.11.18;Calecula;Daragoleja;-3,855631;37,211092
2.04.11.19;Lacibis;Cortijo de Clavijo;-5,317428;36,797164
2.04.11.20;Sacilis;AlcorrucÇn;-4,487917;37,988814
2.04.11.21;Lacippo;Alecipe, near Casares;-5,293681;36,441928
2.04.11.22;Illiberis;Medina Elvira, near Atarfe;-3,707283;37,23755
2.04.12.03;Canaca;;;
2.04.12.04;Seria;Jerez de los Caballeros;-6,765283;38,321569
2.04.12.05;Osca;;;
2.04.12.06;Caeriana;;;
2.04.12.07;Urium;Minas de Riotinto;-6,599336;37,699647
2.04.12.08;Illipula;Niebla;-6,677631;37,361211
2.04.12.09;Segida [Restituta Iulia];;;
2.04.12.10;Ptoukki;Cabeza de Hortales;-5,557667;36,737497
2.04.12.11;Sala;Utrera;-5,708131;37,128892
2.04.12.12;Nabrissa;Lebrija;-6,073619;36,924156
2.04.12.13;Ugia;Torres de Alocaz;-5,829714;36,989225
2.04.12.14;Asta;Cortijo el Rosario, near Mesas de Asta;-6,179614;36,787608
2.04.12.15;Corticata;;;
2.04.12.16;Laelia;Albaida del Aljarafe;-6,166461;37,426508
2.04.13.01;Italica;Santiponce;-6,045128;37,441581
2.04.13.02;Maxilua;;;
2.04.13.03;Ugia;Torres de Alocaz;-5,829714;36,989225
2.04.13.04;Carissa;Cortijo de Carija;-5,731347;36,876353
2.04.13.05;Calduba;Sierra de Aznar;-5,704942;36,696575
2.04.13.06;Paesula;;;
2.04.13.07;Saguntia;Gigonza;-5,783133;36,552011
2.04.13.08;Asido;Medina Sidonia ;-5,929531;36,463111
2.04.13.09;Nertobriga [Baeticae];Sierra del Coto, near Fregenal de la Sierra;-6,610878;38,117169
2.04.13.10;Contributa;;;
2.04.13.11;Regina;near Casas de Reina;-5,950678;38,202581
2.04.13.12;Cursu;;;
2.04.13.13;Mirobriga [Baeticae];Capilla;-5,084397;38,820444
2.04.13.14;Spoletinum;;;
2.04.13.15;Illipa Megale;Alcal† del R°o;-5,978981;37,519458
2.04.14.01;Hispalis;Sevilla;-5,994631;37,393564
2.04.14.02;Obucola;Castillo de la Monclova;-5,315614;37,516947
2.04.14.03;Calecula;;;
2.04.14.04;Oleastron;;;
2.04.14.05;Urso;Osuna;-5,095653;37,238911
2.04.14.06;Baesippo;Barbate;-5,915728;36,197733
2.04.14.07;Fornacis;;;
2.04.14.08;Arsa;;;
2.04.14.09;Asyla;;;
2.04.14.10;Astigis ;êcija;-5,079589;37,540928
2.04.14.11;Carmo;Carmona;-5,639742;37,474367
2.04.15.02;Arucci;Aroche;-6,948544;37,969111
2.04.15.03;Arunda;Ronda;-5,163608;36,741925
2.04.15.04;Curiga ;Monesterio;-6,272761;38,088764
2.04.15.05;Acinippo;Ronda la Vieja;-5,239336;36,831689
2.04.15.06;Vama;Salvatierra de los Barros;-6,684236;38,490453
2.04.15.08;Marianum Mount;Sierra Morena;-6,236008;38,180306
2.04.15.09;Illipula Mount;;;
2.04.16.03;Gades;C†diz;-6,298039;36,532847
2.05.01.04;Mouth of the Durius;Mouth of the Douro;-8,660622;41,141625
2.05.01.06;Tarraconensis-Lusitania-Durius Boundary;;;
2.05.01.07;Source of the Durius;;;
2.05.03.04;Balsa;near Tavira;-7,646867;37,130044
2.05.03.05;Ossonoba;near Faro;-7,932236;37,016908
2.05.03.06;Sacred Cape;Cabo de S∆o Vicente;-8,997392;37,022139
2.05.03.07;Mouth of the Kallipous;Mouth of the Sado;-8,749869;38,440247
2.05.03.08;Salacia;Alc†cer do Sal;-8,513351;38,372483
2.05.03.09;Caetobrix;Set£bal;-8,891389;38,525117
2.05.04.02;Cape Barbarion;Cabo Espichel;-9,221386;38,410875
2.05.04.03;Oliosipon;Lisboa;-9,133375;38,713678
2.05.04.04;Mouth of the Tagus;Mouth of the Tejo;-9,217472;38,684794
2.05.04.05;Tarraconensis-Lusitania-Tagus Boundary;;;
2.05.04.06;Source of the Tagus;;;
2.05.04.07;Selene Mountain;Cabo de Roca;-9,496406;38,779014
2.05.04.08;Mouth of the Monda;Mouth of the Mondego;-8,861908;40,145572
2.05.04.09;Mouth of the Vacua;Mouth of the Rio Vouga;-8,610117;40,713189
2.05.05.04;Pax Iulia;Beja;-7,862733;38,015375
2.05.05.05;Iulia Myrtilis;MÇrtola;-7,661122;37,641694
2.05.06.03;Laccobriga;Lagos;-8,673925;37,100972
2.05.06.04;Caepiana;;;
2.05.06.05;Braitolaion;;;
2.05.06.06;Mirobriga [Lusitaniae];near Santiago do CacÇm;-8,683694;38,010217
2.05.06.07;Arcobriga [Lusitaniae];;;
2.05.06.08;Meribriga;;;
2.05.06.09;Katraleukos;;;
2.05.06.10;Pyrgoi Leukoi;;;
2.05.06.11;Arandis;near Ourique;-8,210908;37,759636
2.05.07.02;Lauare;;;
2.05.07.03;Aritium;near Alvega;-8,045564;39,465153
2.05.07.04;Selium;near Tomar;-8,411344;39,604011
2.05.07.05;Elbocoris;;;
2.05.07.06;Araducta;;;
2.05.07.07;Verurium;;;
2.05.07.08;Velladis;;;
2.05.07.09;Aeminium;Coimbra;-8,428381;40,209261
2.05.07.10;Chretina;;;
2.05.07.11;Arabriga;;;
2.05.07.12;Scalabis Colonia;SantarÇm;-8,684586;39,235564
2.05.07.13;Tacubis;ConstÉncia;-8,338528;39,477308
2.05.07.14;Concordia;;;
2.05.07.15;Talabriga;;;
2.05.07.16;Rusticana;Galisteo;-6,267519;39,975614
2.05.08.01;Mendeculia;;;
2.05.08.02;Caurium;Coria;-6,536056;39,987292
2.05.08.03;Turmogum;;;
2.05.08.04;Burdua;near Ermita de Nuestra Se§ora de B¢toa.;-6,916056;39,004094
2.05.08.05;Colarnum;;;
2.05.08.06;Sallaecus;;;
2.05.08.07;Ammaea;near S∆o Salvador de Armenha;-7,388797;39,373269
2.05.08.08;Ebora [Lusitaniae];êvora;-7,909247;38,572092
2.05.08.09;Norba Caesarina;C†ceres;-6,371153;39,473214
2.05.08.10;Licinniana;;;
2.05.08.11;Augusta Emerita;MÇrida;-6,34435;38,916503
2.05.08.12;Evandria;Evandria;-6,454572;38,856789
2.05.08.13;Geraea;;;
2.05.08.14;Caecilia Metellina;Medell°n;-5,956114;38,966228
2.05.08.15;Capasa;;;
2.05.09.02;Laccia Oppidana;;;
2.05.09.03;Cottaeobriga;;;
2.05.09.04;Salmantica;Salamanca;-5,667142;40,960497
2.05.09.05;Augustobriga [Lusitaniae];Talavera de la Reina;-4,833311;39,959228
2.05.09.06;Ocelum;Zamora;-5,743803;41,502225
2.05.09.07;Capara;Ventas de C†parra;-6,101111;40,166944
2.05.09.08;Manliana;;;
2.05.09.09;Laconimurgi;Navalvillar de Pela;-5,468869;39,091072
2.05.09.10;Deobriga;;;
2.05.09.11;Obila;;;
2.05.09.12;Lama;;;
2.05.10.02;Londobris;Berlenga Grande;-9,510358;39,415397
2.06.01.05;Mouth of the Auus;Mouth of the Rio Ave;-8,744131;41,346606
2.06.01.06;Cape Auaron ;near P¢voa de Varzim;-8,788453;41,413089
2.06.01.07;Mouth of the Nebis;Mouth of the Rio Neiva;-8,807792;41,611908
2.06.01.08;Mouth of the Limia;Mouth of the Rio Limia;-8,832853;41,685639
2.06.01.09;Mouth of the Minius;Mouth of the Rio Minho/Mi§o;-8,868175;41,867572
2.06.01.10;Source of the Minius;;;
2.06.02.02;Cape Orouion ;near Pen°nsula do Morrazo;-8,847467;42,271764
2.06.02.03;Mouth of the Ouia;Mouth of the Rio Ulla;-8,851356;42,595247
2.06.02.05;Mouth of the Tamara;near R°a de Muros e Noia;-9,005797;42,750222
2.06.02.06;Harbor of the Artabri;near R°a de Corcubi¢n;-9,234653;42,915983
2.06.02.07;Cape Nerion;Cabo Touri§†n;-9,299642;43,056125
2.06.03.03;Altars of Sestius;;;
2.06.03.04;Mouth of the Vir;;;
2.06.03.05;cape [after the Vir];;;
2.06.04.03;Flavium Brigantium;La Coru§a;-8,401058;43,378136
2.06.04.04;Cape Lapatia Korou or Trileukon;Cabo Ortegal;-7,869531;43,774689
2.06.04.05;Mouth of the Mearus;Mouth of the Rio Mera;-7,870481;43,695042
2.06.04.06;Mouth of the Nabios;;;
2.06.04.07;Mouth of the Naviallouiìnos;Mouth of the R°o Navia;-6,725169;43,555567
2.06.05.02;Flavionavia;Navia;-6,722533;43,539506
2.06.05.03;Mouth of the Naelo;Mouth of the R°o Nal¢n;-6,076844;43,564244
2.06.06.02;Noiga Oukesia;;;
2.06.07.02;Mouth of the Nerva;Mouth of the R°o Nervi¢n;-3,023156;43,332475
2.06.07.03;Flaviobriga;Castro Urdiales;-3,219683;43,382744
2.06.08.02;Mouth of the Deva;Mouth of the Deba ibaia;-2,353872;43,299475
2.06.09.02;Menosca;;;
2.06.10.02;Oiasso City;Oiartzun;-1,862294;43,298472
2.06.10.03;Cape Oiasso;Higuer Lurmuturra;-1,791319;43,395997
2.06.11.06;Middle of the Pyrenees ;;;
2.06.13.02;Urci;Pechina;-2,450464;36,912731
2.06.14.02;Lucentum;Alicante;-0,478314;38,348803
2.06.14.03;Carthago Nova;Carthagena;-0,983944;37,602561
2.06.14.04;Cape Scombraria ;Cabo de Palos;-0,689994;37,635086
2.06.14.05;Mouth of the Tader;Mouth of the Segura;-0,642814;38,111242
2.06.14.06;Alonis;near Santa Pola;-0,560706;38,191892
2.06.14.07;Mouth of the Saetabis;Mouth of the Albaida;-0,211267;39,0767
2.06.14.08;Ilicitanus Harbor;Gulf of Santa Pola;-0,57695;38,189144
2.06.14.09;Mouth of the Sucro;Mouth of the X£quer;-0,244444;39,153056
2.06.15.02;Mouth of the Pallantia;Mouth of the Palantia;-0,211944;39,6725
2.06.15.03;Mouth of the Turia;Mouth of the Turia;0,339167;39,426667
2.06.15.04;Dianium;DÇnia;0,1075;38,843056
2.06.16.02;Cape Tenebrium ;Cabo de la Nao;0,225833;38,741111
2.06.16.03;Tenebrius Harbor;Gulf of X†bia;0,200853;38,779486
2.06.16.04;Mouth of the Ebro;Mouth of the Ebro;0,612222;40,705833
2.06.16.05;Middle of the Ebro;;;
2.06.16.06;Source of the Ebro;;;
2.06.17.02;Tarraco;Tarragona;1,2525;41,115278
2.06.17.03;Subur;Subirats;1,797222;41,384167
2.06.18.02;Barcino;Barcelona;2,176667;41,383056
2.06.18.03;Mouth of the Rubricatus;Mouth of the Llobregat;2,123889;41,31
2.06.18.04;Baetulo;Badalona;2,248056;41,450833
2.06.18.05;Cape Lunarium;Cap Begur;3,234444;41,955278
2.06.18.06;Iluro;Matar¢;2,451111;41,540556
2.06.18.07;Blanda;Blanes;2,79;41,675556
2.06.20.02;Mouth of the Sambroca;Mouth of the Ter;3,192222;42,023611
2.06.20.03;Emporiae;Emp£ries;3,1175;42,134167
2.06.20.04;Mouth of the Clodianus;Mouth of the FluviÖ;3,109167;42,201667
2.06.20.05;Rhode;Roses;3,185;42,267778
2.06.20.06;Sanctuary of Venus;Cap BÇar;3,093889;42,518611
2.06.21.02;Vindium Mountain (W);Cordillera Cant†brica, near Quiroga;-7,275342;42,484731
2.06.21.03;Vindium Mountain (E);Cordillera Cant†brica, near Aguilar de Campo;-4,273853;42,817522
2.06.21.04;Edulium Mountain (W);;;
2.06.21.05;Edulium Mountain (E);;;
2.06.21.06;Idubeda Mountain (N);Sistema IbÇrico, near Soria;-2,647792;41,91235
2.06.21.07;Idubeda Mountain (S);Sistema IbÇrico, near Cuenca;-1,582658;39,918494
2.06.21.08;Orospeda Mountain (SW);Cordilleras BÇticas;-3,605878;37,1292
2.06.21.09;Orospeda Mountain (NE);Cordilleras BÇticas;-0,851028;38,985178
2.06.22.03;Claudionerion;;;
2.06.22.04;Novion;;;
2.06.23.02;Bouron;Vila de Bares;-7,684967;43,771739
2.06.23.03;Olina;;;
2.06.23.04;Ouika;;;
2.06.23.05;Libounka;;;
2.06.23.06;Pintia;;;
2.06.23.07;Carionion;Guitir°z;-7,897517;43,181769
2.06.23.08;Turuptiana;;;
2.06.23.09;Glandomiron;;;
2.06.23.10;Ocelum;;;
2.06.23.11;Turriga;;;
2.06.24.02;Iria Flavia;Padr¢n;-8,660803;42,737997
2.06.24.03;Lucus Augusti;Lugo;-7,557683;43,011283
2.06.25.02;Hydata Therma [Cilenorum];Caldas de Reis;-8,642633;42,604183
2.06.25.04;Dactonium;Monforte de Lemos;-7,510567;42,5237
2.06.26.02;Flavia Lambris;;;
2.06.27.02;Talamine;;;
2.06.27.03;Aquae Quintinae;Ba§os de Gunt°n;-7,701253;42,887211
2.06.28.02;Lucus Asturum;near La Casta§era;-5,824239;43,4406
2.06.28.03;Labernis;;;
2.06.28.04;Interamnium;;;
2.06.28.05;Argenteola;;;
2.06.29.01;Lankiatoi/Ankiatai;near Villasabariego;-5,431117;42,530278
2.06.29.02;Maliaca;;;
2.06.29.03;Gigia;Gij¢n;-5,662881;43,543303
2.06.29.04;Bergidum Flavium;;;
2.06.29.05;Interamnium Flavium;;;
2.06.29.06;Legio VII Gemina;Le¢n;-5,567531;42,59845
2.06.30.02;Brigaecium;;;
2.06.31.02;Baedunia;;;
2.06.32.02;Intercatia [Asturiae];;;
2.06.33.02;Paelontium;;;
2.06.34.02;Nardinium;;;
2.06.35.02;Petavonium;near Rosinos de Vidriales;-5,997858;42,088644
2.06.36.02;Asturica Augusta;Astorga;-6,053181;42,454778
2.06.37.02;Nemetobriga;;;
2.06.38.02;Forum Gigurrorum;;;
2.06.39.04;Bracara Augusta;Braga;-8,429289;41,546889
2.06.39.05;Caladanum;;;
2.06.39.06;Pinetum;;;
2.06.39.07;Complutica;;;
2.06.39.08;Tuntobriga;;;
2.06.39.09;Araducca;;;
2.06.40.02;Aquae Flaviae;Chaves;-7,468314;41,743722
2.06.41.02;Volobriga;;;
2.06.42.02;Coeliobriga;;;
2.06.43.02;Forum Bibalorum;;;
2.06.44.02;Forum Limicorum;Xinzo de Limia;-7,725039;42,063208
2.06.45.02;Tude;T£y;-8,646275;42,050061
2.06.46.02;Merua;;;
2.06.47.02;Aquae Quaquernae;near Bande;-7,973261;42,032617
2.06.48.02;Cambaetum;;;
2.06.49.02;Forum Narbasorum;;;
2.06.50.02;Bargiacis;;;
2.06.50.03;Intercatia [Vaccaeorum];Villanueva del Campo;-5,406142;41,984978
2.06.50.04;Viminacium;;;
2.06.50.05;Porta Augusta;;;
2.06.50.06;Autraca;;;
2.06.50.07;Lacobriga;;;
2.06.50.08;Avia;;;
2.06.50.09;Segontia Paramica [Vaccaeorum];;;
2.06.50.10;Gella;;;
2.06.50.11;Albocela;;;
2.06.50.12;Rauda;Roa de Duero;-3,92861;41,69667
2.06.50.13;Segisama Iulia;;;
2.06.50.14;Palantia;Palencia;-4,53639;42,01139
2.06.50.15;Eldana;;;
2.06.50.16;Cougium;;;
2.06.50.17;Cauca;Coca;-4,52306;41,21667
2.06.50.18;Octodurum;;;
2.06.50.19;Pintia;;;
2.06.50.20;Sentica;;;
2.06.50.21;Sarabris;;;
2.06.51.03;Concana;;;
2.06.51.04;Ottaviolca;near Camesa-Rebolledo;-4,15833;42,88722
2.06.51.05;Argenomescum;;;
2.06.51.06;Vadinia;near Cangas de On°s;-5,12889;43,35056
2.06.51.07;Vellica;;;
2.06.51.08;Camarica;;;
2.06.51.09;Juli¢briga;near Retrotillo;-4,114008;42,985525
2.06.51.10;Moroica;;;
2.06.52.02;Bravon;;;
2.06.52.03;Sisaraca;Herrera de Pisuerga;-4,330103;42,594778
2.06.52.04;Deobrigula;Castro de Tardajos;-3,808028;42,353456
2.06.52.05;Ambisna;;;
2.06.52.06;Segisamo;Sasam¢n;-4,042764;42,417292
2.06.53.03;Vxama Barca;Osma de Valdegovia;-3,063733;42,8909
2.06.53.04;Segisamonculum;;;
2.06.53.05;Virouesca;Briviesca;-3,322753;42,550522
2.06.53.06;Antequia;;;
2.06.53.07;Deobriga;Arce MirapÇrez;-2,906633;42,676881
2.06.53.08;Vindeleia;;;
2.06.53.09;Salionca;;;
2.06.54.03;Visontium;;;
2.06.54.04;Augustobriga [Tarraconensis];Muro de µgreda;-1,986606;41,831933
2.06.54.05;Savia;;;
2.06.55.03;Tritium Metallum;Tritio;-2,718853;42,401464
2.06.55.04;Oliba;;;
2.06.55.05;Vareia;Varea, near Logro§o;-2,40685;42,460669
2.06.56.04;Confluenta;;;
2.06.56.05;Clunia Colonia;near Pe§alba de Castro;-3,370583;41,780708
2.06.56.06;Termes;Montejo de Tiermes;-3,199456;41,368617
2.06.56.07;Vxama Argaela;Burgo de Osma;-3,089514;41,726978
2.06.56.08;Segortia Langa;near Langa de Duero;-3,401161;41,611069
2.06.56.09;Veluca;;;
2.06.56.10;Tucris;;;
2.06.56.11;Numantia;near Garray;-2,444461;41,808375
2.06.56.12;Setouia;Segovia;-4,116728;40,946481
2.06.56.13;Noua Augusta;;;
2.06.57.04;Ilurbida;;;
2.06.57.05;Etelesta;;;
2.06.57.06;Ilarcuris;;;
2.06.57.07;Varada;;;
2.06.57.08;Thermida;;;
2.06.57.09;Titulcia;Titulcia;-3,570956;40,137436
2.06.57.10;Mantua;;;
2.06.57.11;Toletum;Toledo;-4,023669;39,855833
2.06.57.12;Complutum;Alcal† de Henares;-3,3675;40,480714
2.06.57.13;Caracca;;;
2.06.57.14;Libora;;;
2.06.57.15;Ispinum;;;
2.06.57.16;Metercosa;;;
2.06.57.17;Barnacis;;;
2.06.57.18;Alternia;;;
2.06.57.19;Paterniana;;;
2.06.57.20;Rhigusa;;;
2.06.57.21;Laminion;;;
2.06.58.02;Belsinon;;;
2.06.58.03;Turiasso;Tarazona;-1,727397;41,905772
2.06.58.04;Nertobriga [Tarraconensis];near Calatorao;-1,345708;41,522369
2.06.58.05;Bilbis;Carro de Bambola, Calatayud;-1,64067;41,38195
2.06.58.06;Arcobriga [Tarraconensis];Arco de Jal¢n;-2,274561;41,216092
2.06.58.07;Caesada;near Espinosa de Henares;-3,043392;40,919744
2.06.58.08;Mediolon;;;
2.06.58.09;Attacum;Ateca;-1,792167;41,330958
2.06.58.10;Ergavica;near Ca§averuelas;-2,670217;40,432658
2.06.58.11;Segobriga;Cabeza del Griego, near Saelices;-2,813231;39,885083
2.06.58.12;Condabora;Consegura;-3,605881;39,460139
2.06.58.13;Bursada;Borja;-1,533664;41,834883
2.06.58.14;Laxta;;;
2.06.58.15;Valeria;near Valeria;-2,150369;39,808117
2.06.58.16;Istonium;;;
2.06.58.17;Alaba;;;
2.06.58.18;Libana;;;
2.06.58.19;Urcaesa;;;
2.06.59.03;Salaria [Oretanorum];near Ubeda la Vieja;-3,3244;37,924211
2.06.59.04;Sisapì;La Bienvenida;-4,51735;38,646033
2.06.59.05;Oretum Germanorum;near Ermita de Nostra Se§ora de Zaqueca;-3,725553;38,760803
2.06.59.06;Aemiliana;;;
2.06.59.07;Mirobriga [Tarraconensis];Capilla;-5,084397;38,820444
2.06.59.08;Salica;;;
2.06.59.09;Libisoka;Lezuza;-2,355283;38,949522
2.06.59.10;Castulo;S Linares;-3,623453;38,035992
2.06.59.11;Lupparia;;;
2.06.59.12;Mentesa;Villanueva de la Fuente;-2,695158;38,693256
2.06.59.13;Cervaria;;;
2.06.59.14;Biatia;Baeza;-3,469897;37,995508
2.06.59.15;Laccuris;;;
2.06.59.16;Touia;near Tugia;-3,16735;37,892158
2.06.60.03;Lobetum;;;
2.06.61.03;Pucialia;;;
2.06.61.04;Salaria [Bastitanorum];;;
2.06.61.05;Turbula;;;
2.06.61.06;Saltiga;Chinchilla de Monte-Aragon;-1,726256;38,919864
2.06.61.07;Bigerra;;;
2.06.61.08;Abula;;;
2.06.61.09;Asso;La Encarnaci¢n, S. Caravaca de la Cruz;-1,881258;38,029833
2.06.61.10;Bergula;Berja ;-2,948803;36,844547
2.06.61.11;Carca;;;
2.06.61.12;Ilunum;;;
2.06.61.13;Arcilacis [Tarraconensis];;;
2.06.61.14;Segisa;;;
2.06.61.15;Orcelis;;;
2.06.61.16;Vergilia;;;
2.06.61.17;Acci;Guadix el Viejo;-3,141025;37,301081
2.06.62.02;Menlaria;;;
2.06.62.03;Valentia;Valencia;-0,375306;39,476083
2.06.62.04;Saetabis;XÖtiva ;-0,517669;38,988225
2.06.62.05;Saetabicula;;;
2.06.62.06;Illicis;Alc£dia de Elx;-0,695931;38,246583
2.06.62.07;Iaspis;Aspe;-0,768169;38,346358
2.06.63.04;Caesaraugusta;Zaragoza;-0,878122;41,654331
2.06.63.05;Barnaba;;;
2.06.63.06;Ebora [Tarraconensis];;;
2.06.63.07;Belia;;;
2.06.63.08;Arsi;;;
2.06.63.09;Damania;;;
2.06.63.10;Leonica;;;
2.06.63.11;Osicerda;;;
2.06.63.12;Etobesa;Orospeda del Mar;0,144742;40,084772
2.06.63.13;Lassira;Forcall;-0,200014;40,645353
2.06.63.14;Edeta i.e. Liria;Ll°ria;-0,599375;39,621036
2.06.63.15;Saguntum;Sagunto;-0,276764;39,676114
2.06.64.02;Carthago Vetus;;;
2.06.64.03;Biscargis;;;
2.06.64.04;Theaua;;;
2.06.64.05;Adeba;;;
2.06.64.06;Tiariulia;;;
2.06.64.07;Sigarra;;;
2.06.64.08;Dertosa;Tortosa;0,522239;40,811992
2.06.65.05;Suestatium;;;
2.06.65.06;Tullica;;;
2.06.65.07;Veleia ;Iru§a;-2,787078;42,841811
2.06.66.02;Gebala;;;
2.06.66.03;Gabalaeca;;;
2.06.66.04;Tullonium;Castillo de Henayo, Alegria-Dulantzi;-2,494864;42,843725
2.06.66.05;Alba;;;
2.06.66.06;Segontia Paramica [Vardulorum];;;
2.06.66.07;Tritium Tuboricum;;;
2.06.66.08;Thabuca;;;
2.06.67.02;Iturissa;;;
2.06.67.03;Pompaelo ;Pamplona;-1,643022;42,816914
2.06.67.04;Bituris;;;
2.06.67.05;Andelos;Muruzabal de Andion;-1,859558;42,599192
2.06.67.06;Nemanturista;;;
2.06.67.07;Curnonium;;;
2.06.67.08;Iacca;Jaca;-0,54944;42,569253
2.06.67.09;Gracuris;Alfaro;-1,746069;42,183306
2.06.67.10;Calagorina;Calahorra;-1,95765;42,301239
2.06.67.11;Casconton;Cascante;-1,678303;41,999464
2.06.67.12;Ergavica;;;
2.06.67.13;Tarraga;;;
2.06.67.14;Muscaria;;;
2.06.67.15;Setia;Ejea de los Caballeros;-1,139222;42,128189
2.06.67.16;Alavona;;;
2.06.68.02;Bergusia;;;
2.06.68.03;Celsa;Velilla de Ebro;-0,432289;41,373383
2.06.68.04;Bergidum;;;
2.06.68.05;Eraga;Terrassa;2,007908;41,563919
2.06.68.06;Succosa;;;
2.06.68.07;Osca;Huesca;-0,408086;42,139617
2.06.68.08;Burtina;AlmuvÇdar;-0,581053;42,043111
2.06.68.09;Gallica Flavia;;;
2.06.68.10;Orcia;;;
2.06.68.11;Ilerda;Lleida;0,625;41,618319
2.06.69.02;Iulia Libica;Ll°via;1,986375;42,467011
2.06.70.02;Hydata Therma [Ausetanorum];;;
2.06.70.03;Ausa;Vic;2,254436;41,930406
2.06.70.04;Baecula;;;
2.06.70.05;Gerunda;Gerona;2,826042;41,987011
2.06.71.02;Sebendunum;;;
2.06.71.03;Bassi;;;
2.06.71.04;Egosa;;;
2.06.71.05;Beseda;;;
2.06.72.02;Lesa;Isona;1,046272;42,118303
2.06.72.03;Udura;;;
2.06.72.04;Ascerris;;;
2.06.72.05;Setelsis;Solsona;1,517561;41,994906
2.06.72.06;Telobis;near Monzon;0,191683;41,908936
2.06.72.07;Ceresus;;;
2.06.72.08;Bacasis;;;
2.06.72.09;Iessos;Guisona;1,288839;41,785281
2.06.72.10;Anabis;;;
2.06.72.11;Cinna;;;
2.06.73.02;Deciana;La Jonquera;2,873497;42,418339
2.06.73.03;Iuncaria;Figueres;2,961281;42,26825
2.06.74.02;Rubricata;;;
2.06.75.03;Trileuci Scopuli;Illotes Aguill¢ns;-7,868283;43,779492
2.06.76.02;Cassiterides;Scilly Isles;-6,311411;49,940403
2.06.76.03;Islands of the Gods;;;
2.06.77.03;Ophiussa;Formentera;1,439844;38,705083
2.06.77.04;Ebusus;Ibiza;1,436011;38,906578
2.06.78.04;Palma;Palma de Mallorca;2,651825;39,569119
2.06.78.05;Pollentia;Alc£dia de Pollenáa;3,122444;39,849167
2.06.78.07;Iamo;Ciutadella de Menorca;3,837856;40,000347
2.06.78.08;Mago;Mah¢n;4,262478;39,889692
2.07.04.04;Narbonensis-Pyrenees Boundary;;;
